{"spreadsheetColumns":[],"manipulations":[],"store":[],"networkStore":[],"metrics":[],"responseTags":[],"multiplayer":{"enabled":false,"num_players":0},"subsystems":{"audio":false,"webcam":false,"mic":false,"recording":false,"webcamResolution":"","fullscreen":false,"screenCapture":false,"webgazer":false,"webgazerEnableAutoCalibrate":false},"responseKeys":{"object-2":{"label":"Un tono del dibattito _aspro_ è un tono del dibattito che _____","keys":[{"key":"value","label":"Value"}],"category":"N_Agg_Agg_1"},"object-4":{"label":"**Sento usare comunemente l'espressione in corsivo con lo stesso significato**\n","keys":[{"key":"value","label":"Response","options":[{"value":"1","label":"1"},{"value":"2","label":"2"},{"value":"3","label":"3"},{"value":"4","label":"4"},{"value":"5","label":"5"}]},{"key":"quantised","label":"Quantised","quantisedRange":5}],"category":"N_Agg_Agg_1"},"object-5":{"label":"**Il resto della frase è sufficiente per interpretare l'espressione**","keys":[{"key":"value","label":"Response","options":[{"value":"1","label":"1"},{"value":"2","label":"2"},{"value":"3","label":"3"},{"value":"4","label":"4"},{"value":"5","label":"5"}]},{"key":"quantised","label":"Quantised","quantisedRange":5}],"category":"N_Agg_Agg_1"},"object-102":{"label":"Dicendo _avvoltoi_ internazionali si intende qualcosa che _____ come un avvoltoio.","keys":[{"key":"value","label":"Value"}],"category":"N_Agg_N_1"},"object-103":{"label":"**Sento usare comunemente l'espressione in corsivo con lo stesso significato**\n","keys":[{"key":"value","label":"Response","options":[{"value":"1","label":"1"},{"value":"2","label":"2"},{"value":"3","label":"3"},{"value":"4","label":"4"},{"value":"5","label":"5"}]},{"key":"quantised","label":"Quantised","quantisedRange":5}],"category":"N_Agg_N_1"},"object-104":{"label":"**Il resto della frase è sufficiente per interpretare l'espressione**","keys":[{"key":"value","label":"Response","options":[{"value":"1","label":"1"},{"value":"2","label":"2"},{"value":"3","label":"3"},{"value":"4","label":"4"},{"value":"5","label":"5"}]},{"key":"quantised","label":"Quantised","quantisedRange":5}],"category":"N_Agg_N_1"},"object-25":{"label":"Si intende che la mafia _____ come una bestia.","keys":[{"key":"value","label":"Value"}],"category":"N_is_N_1"},"object-26":{"label":"**Sento usare comunemente l'espressione in corsivo con lo stesso significato**\n","keys":[{"key":"value","label":"Response","options":[{"value":"1","label":"1"},{"value":"2","label":"2"},{"value":"3","label":"3"},{"value":"4","label":"4"},{"value":"5","label":"5"}]},{"key":"quantised","label":"Quantised","quantisedRange":5}],"category":"N_is_N_1"},"object-27":{"label":"**Il resto della frase è sufficiente per interpretare l'espressione**","keys":[{"key":"value","label":"Response","options":[{"value":"1","label":"1"},{"value":"2","label":"2"},{"value":"3","label":"3"},{"value":"4","label":"4"},{"value":"5","label":"5"}]},{"key":"quantised","label":"Quantised","quantisedRange":5}],"category":"N_is_N_1"},"object-30":{"label":"Dicendo _balbettio_ del Governo si intende qualcosa che _____ come un balbettio.","keys":[{"key":"value","label":"Value"}],"category":"N_di_N_1"},"object-31":{"label":"**Sento usare comunemente l'espressione in corsivo con lo stesso significato**\n","keys":[{"key":"value","label":"Response","options":[{"value":"1","label":"1"},{"value":"2","label":"2"},{"value":"3","label":"3"},{"value":"4","label":"4"},{"value":"5","label":"5"}]},{"key":"quantised","label":"Quantised","quantisedRange":5}],"category":"N_di_N_1"},"object-32":{"label":"**Il resto della frase è sufficiente per interpretare l'espressione**","keys":[{"key":"value","label":"Response","options":[{"value":"1","label":"1"},{"value":"2","label":"2"},{"value":"3","label":"3"},{"value":"4","label":"4"},{"value":"5","label":"5"}]},{"key":"quantised","label":"Quantised","quantisedRange":5}],"category":"N_di_N_1"},"object-35":{"label":"Dicendo _affondare_ si intende _____","keys":[{"key":"value","label":"Value"}],"category":"V_N_intr_1"},"object-36":{"label":"**Sento usare comunemente l'espressione in corsivo con lo stesso significato**\n","keys":[{"key":"value","label":"Response","options":[{"value":"1","label":"1"},{"value":"2","label":"2"},{"value":"3","label":"3"},{"value":"4","label":"4"},{"value":"5","label":"5"}]},{"key":"quantised","label":"Quantised","quantisedRange":5}],"category":"V_N_intr_1"},"object-37":{"label":"**Il resto della frase è sufficiente per interpretare l'espressione**","keys":[{"key":"value","label":"Response","options":[{"value":"1","label":"1"},{"value":"2","label":"2"},{"value":"3","label":"3"},{"value":"4","label":"4"},{"value":"5","label":"5"}]},{"key":"quantised","label":"Quantised","quantisedRange":5}],"category":"V_N_intr_1"},"object-40":{"label":"Dicendo _addolcire_ le misure restrittive si intende _____ le misure restrittive.","keys":[{"key":"value","label":"Value"}],"category":"V_N_tr_V_1"},"object-41":{"label":"**Sento usare comunemente l'espressione in corsivo con lo stesso significato**\n","keys":[{"key":"value","label":"Response","options":[{"value":"1","label":"1"},{"value":"2","label":"2"},{"value":"3","label":"3"},{"value":"4","label":"4"},{"value":"5","label":"5"}]},{"key":"quantised","label":"Quantised","quantisedRange":5}],"category":"V_N_tr_V_1"},"object-42":{"label":"**Il resto della frase è sufficiente per interpretare l'espressione**","keys":[{"key":"value","label":"Response","options":[{"value":"1","label":"1"},{"value":"2","label":"2"},{"value":"3","label":"3"},{"value":"4","label":"4"},{"value":"5","label":"5"}]},{"key":"quantised","label":"Quantised","quantisedRange":5}],"category":"V_N_tr_V_1"},"object-46":{"label":"Dicendo _accendere un faro_ si intende _____ ","keys":[{"key":"value","label":"Value"}],"category":"V_N_tr_VN_1"},"object-47":{"label":"**Sento usare comunemente l'espressione in corsivo con lo stesso significato**\n","keys":[{"key":"value","label":"Response","options":[{"value":"1","label":"1"},{"value":"2","label":"2"},{"value":"3","label":"3"},{"value":"4","label":"4"},{"value":"5","label":"5"}]},{"key":"quantised","label":"Quantised","quantisedRange":5}],"category":"V_N_tr_VN_1"},"object-48":{"label":"**Il resto della frase è sufficiente per interpretare l'espressione**","keys":[{"key":"value","label":"Response","options":[{"value":"1","label":"1"},{"value":"2","label":"2"},{"value":"3","label":"3"},{"value":"4","label":"4"},{"value":"5","label":"5"}]},{"key":"quantised","label":"Quantised","quantisedRange":5}],"category":"V_N_tr_VN_1"},"object-65":{"label":"Un provvedimento _anemico_ è un provvedimento che _____","keys":[{"key":"value","label":"Value"}],"category":"N_Agg_Agg_2"},"object-66":{"label":"**Sento usare comunemente l'espressione in corsivo con lo stesso significato**\n","keys":[{"key":"value","label":"Response","options":[{"value":"1","label":"1"},{"value":"2","label":"2"},{"value":"3","label":"3"},{"value":"4","label":"4"},{"value":"5","label":"5"}]},{"key":"quantised","label":"Quantised","quantisedRange":5}],"category":"N_Agg_Agg_2"},"object-67":{"label":"**Il resto della frase è sufficiente per interpretare l'espressione**","keys":[{"key":"value","label":"Response","options":[{"value":"1","label":"1"},{"value":"2","label":"2"},{"value":"3","label":"3"},{"value":"4","label":"4"},{"value":"5","label":"5"}]},{"key":"quantised","label":"Quantised","quantisedRange":5}],"category":"N_Agg_Agg_2"},"object-71":{"label":"Dicendo _cucitura_ politica si intende qualcosa che _____ come una cucitura.","keys":[{"key":"value","label":"Value"}],"category":"N_Agg_N_2"},"object-72":{"label":"**Sento usare comunemente l'espressione in corsivo con lo stesso significato**\n","keys":[{"key":"value","label":"Response","options":[{"value":"1","label":"1"},{"value":"2","label":"2"},{"value":"3","label":"3"},{"value":"4","label":"4"},{"value":"5","label":"5"}]},{"key":"quantised","label":"Quantised","quantisedRange":5}],"category":"N_Agg_N_2"},"object-73":{"label":"**Il resto della frase è sufficiente per interpretare l'espressione**","keys":[{"key":"value","label":"Response","options":[{"value":"1","label":"1"},{"value":"2","label":"2"},{"value":"3","label":"3"},{"value":"4","label":"4"},{"value":"5","label":"5"}]},{"key":"quantised","label":"Quantised","quantisedRange":5}],"category":"N_Agg_N_2"},"object-76":{"label":"Si intende che il risultato _____ come una briciola.","keys":[{"key":"value","label":"Value"}],"category":"N_is_N_2"},"object-77":{"label":"**Sento usare comunemente l'espressione in corsivo con lo stesso significato**\n","keys":[{"key":"value","label":"Response","options":[{"value":"1","label":"1"},{"value":"2","label":"2"},{"value":"3","label":"3"},{"value":"4","label":"4"},{"value":"5","label":"5"}]},{"key":"quantised","label":"Quantised","quantisedRange":5}],"category":"N_is_N_2"},"object-78":{"label":"**Il resto della frase è sufficiente per interpretare l'espressione**","keys":[{"key":"value","label":"Response","options":[{"value":"1","label":"1"},{"value":"2","label":"2"},{"value":"3","label":"3"},{"value":"4","label":"4"},{"value":"5","label":"5"}]},{"key":"quantised","label":"Quantised","quantisedRange":5}],"category":"N_is_N_2"},"object-81":{"label":"Dicendo _cassaforte_ di eccellenze si intende qualcosa che _____ come una cassaforte.","keys":[{"key":"value","label":"Value"}],"category":"N_di_N_2"},"object-82":{"label":"**Sento usare comunemente l'espressione in corsivo con lo stesso significato**\n","keys":[{"key":"value","label":"Response","options":[{"value":"1","label":"1"},{"value":"2","label":"2"},{"value":"3","label":"3"},{"value":"4","label":"4"},{"value":"5","label":"5"}]},{"key":"quantised","label":"Quantised","quantisedRange":5}],"category":"N_di_N_2"},"object-83":{"label":"**Il resto della frase è sufficiente per interpretare l'espressione**","keys":[{"key":"value","label":"Response","options":[{"value":"1","label":"1"},{"value":"2","label":"2"},{"value":"3","label":"3"},{"value":"4","label":"4"},{"value":"5","label":"5"}]},{"key":"quantised","label":"Quantised","quantisedRange":5}],"category":"N_di_N_2"},"object-86":{"label":"Dicendo _annidarsi_ si intende _____","keys":[{"key":"value","label":"Value"}],"category":"V_N_intr_2"},"object-87":{"label":"**Sento usare comunemente l'espressione in corsivo con lo stesso significato**\n","keys":[{"key":"value","label":"Response","options":[{"value":"1","label":"1"},{"value":"2","label":"2"},{"value":"3","label":"3"},{"value":"4","label":"4"},{"value":"5","label":"5"}]},{"key":"quantised","label":"Quantised","quantisedRange":5}],"category":"V_N_intr_2"},"object-88":{"label":"**Il resto della frase è sufficiente per interpretare l'espressione**","keys":[{"key":"value","label":"Response","options":[{"value":"1","label":"1"},{"value":"2","label":"2"},{"value":"3","label":"3"},{"value":"4","label":"4"},{"value":"5","label":"5"}]},{"key":"quantised","label":"Quantised","quantisedRange":5}],"category":"V_N_intr_2"},"object-91":{"label":"Dicendo _affondare_ l'Unione europea si intende _____ l'Unione europea.","keys":[{"key":"value","label":"Value"}],"category":"V_N_tr_V_2"},"object-92":{"label":"**Sento usare comunemente l'espressione in corsivo con lo stesso significato**\n","keys":[{"key":"value","label":"Response","options":[{"value":"1","label":"1"},{"value":"2","label":"2"},{"value":"3","label":"3"},{"value":"4","label":"4"},{"value":"5","label":"5"}]},{"key":"quantised","label":"Quantised","quantisedRange":5}],"category":"V_N_tr_V_2"},"object-93":{"label":"**Il resto della frase è sufficiente per interpretare l'espressione**","keys":[{"key":"value","label":"Response","options":[{"value":"1","label":"1"},{"value":"2","label":"2"},{"value":"3","label":"3"},{"value":"4","label":"4"},{"value":"5","label":"5"}]},{"key":"quantised","label":"Quantised","quantisedRange":5}],"category":"V_N_tr_V_2"},"object-96":{"label":"Dicendo _bruciare il terreno_ si intende _____ ","keys":[{"key":"value","label":"Value"}],"category":"V_N_tr_VN_2"},"object-97":{"label":"**Sento usare comunemente l'espressione in corsivo con lo stesso significato**\n","keys":[{"key":"value","label":"Response","options":[{"value":"1","label":"1"},{"value":"2","label":"2"},{"value":"3","label":"3"},{"value":"4","label":"4"},{"value":"5","label":"5"}]},{"key":"quantised","label":"Quantised","quantisedRange":5}],"category":"V_N_tr_VN_2"},"object-98":{"label":"**Il resto della frase è sufficiente per interpretare l'espressione**","keys":[{"key":"value","label":"Response","options":[{"value":"1","label":"1"},{"value":"2","label":"2"},{"value":"3","label":"3"},{"value":"4","label":"4"},{"value":"5","label":"5"}]},{"key":"quantised","label":"Quantised","quantisedRange":5}],"category":"V_N_tr_VN_2"}}}