{"pages":[{"scene":"2y9x8n","thumbnail":{"elements":[{"label":"**Frase:** \\"},{"label":"Un tono del dibattito _aspro_ è un tono del dibattito che _____"},{"label":"**Sento usare comunemente l'espressione in corsivo con lo stesso significato**\n"},{"label":"**Il resto della frase è sufficiente per interpretare l'espressione**"}]},"metadata":{},"name":"N_Agg_Agg_1"},{"scene":"ffik96","thumbnail":{"elements":[{"label":"**Frase:** \\"},{"label":"Dicendo _avvoltoi_ internazionali si intende qualcosa che _____ come un avvoltoio."},{"label":"**Sento usare comunemente l'espressione in corsivo con lo stesso significato**\n"},{"label":"**Il resto della frase è sufficiente per interpretare l'espressione**"}]},"metadata":{},"name":"N_Agg_N_1"},{"scene":"53c8wf","thumbnail":{"elements":[{"label":"**Frase:** \\"},{"label":"Si intende che la mafia _____ come una bestia."},{"label":"**Sento usare comunemente l'espressione in corsivo con lo stesso significato**\n"},{"label":"**Il resto della frase è sufficiente per interpretare l'espressione**"}]},"metadata":{},"name":"N_is_N_1"},{"scene":"hi7rdg","thumbnail":{"elements":[{"label":"**Frase:** \\"},{"label":"Dicendo _balbettio_ del Governo si intende qualcosa che _____ come un balbettio."},{"label":"**Sento usare comunemente l'espressione in corsivo con lo stesso significato**\n"},{"label":"**Il resto della frase è sufficiente per interpretare l'espressione**"}]},"metadata":{},"name":"N_di_N_1"},{"scene":"1egiqa","thumbnail":{"elements":[{"label":"**Frase:** \\"},{"label":"Dicendo _affondare_ si intende _____"},{"label":"**Sento usare comunemente l'espressione in corsivo con lo stesso significato**\n"},{"label":"**Il resto della frase è sufficiente per interpretare l'espressione**"}]},"metadata":{},"name":"V_N_intr_1"},{"scene":"8dsxqa","thumbnail":{"elements":[{"label":"**Frase:** \\"},{"label":"Dicendo _addolcire_ le misure restrittive si intende _____ le misure restrittive."},{"label":"**Sento usare comunemente l'espressione in corsivo con lo stesso significato**\n"},{"label":"**Il resto della frase è sufficiente per interpretare l'espressione**"}]},"metadata":{},"name":"V_N_tr_V_1"},{"scene":"avga3p","thumbnail":{"elements":[{"label":"**Frase:** \\"},{"label":"Dicendo _accendere un faro_ si intende _____ "},{"label":"**Sento usare comunemente l'espressione in corsivo con lo stesso significato**\n"},{"label":"**Il resto della frase è sufficiente per interpretare l'espressione**"}]},"metadata":{},"name":"V_N_tr_VN_1"},{"scene":"t7lh17","thumbnail":{"elements":[{"label":"**Frase:** \\"},{"label":"Un provvedimento _anemico_ è un provvedimento che _____"},{"label":"**Sento usare comunemente l'espressione in corsivo con lo stesso significato**\n"},{"label":"**Il resto della frase è sufficiente per interpretare l'espressione**"}]},"metadata":{},"name":"N_Agg_Agg_2"},{"scene":"vxh4mh","thumbnail":{"elements":[{"label":"**Frase:** \\"},{"label":"Dicendo _cucitura_ politica si intende qualcosa che _____ come una cucitura."},{"label":"**Sento usare comunemente l'espressione in corsivo con lo stesso significato**\n"},{"label":"**Il resto della frase è sufficiente per interpretare l'espressione**"}]},"metadata":{},"name":"N_Agg_N_2"},{"scene":"ve1vf6","thumbnail":{"elements":[{"label":"**Frase:** \\"},{"label":"Si intende che il risultato _____ come una briciola."},{"label":"**Sento usare comunemente l'espressione in corsivo con lo stesso significato**\n"},{"label":"**Il resto della frase è sufficiente per interpretare l'espressione**"}]},"metadata":{},"name":"N_is_N_2"},{"scene":"aouc44","thumbnail":{"elements":[{"label":"**Frase:** \\"},{"label":"Dicendo _cassaforte_ di eccellenze si intende qualcosa che _____ come una cassaforte."},{"label":"**Sento usare comunemente l'espressione in corsivo con lo stesso significato**\n"},{"label":"**Il resto della frase è sufficiente per interpretare l'espressione**"}]},"metadata":{},"name":"N_di_N_2"},{"scene":"52kqsr","thumbnail":{"elements":[{"label":"**Frase:** \\"},{"label":"Dicendo _annidarsi_ si intende _____"},{"label":"**Sento usare comunemente l'espressione in corsivo con lo stesso significato**\n"},{"label":"**Il resto della frase è sufficiente per interpretare l'espressione**"}]},"metadata":{},"name":"V_N_intr_2"},{"scene":"eg9a1t","thumbnail":{"elements":[{"label":"**Frase:** \\"},{"label":"Dicendo _affondare_ l'Unione europea si intende _____ l'Unione europea."},{"label":"**Sento usare comunemente l'espressione in corsivo con lo stesso significato**\n"},{"label":"**Il resto della frase è sufficiente per interpretare l'espressione**"}]},"metadata":{},"name":"V_N_tr_V_2"},{"scene":"ek7icn","thumbnail":{"elements":[{"label":"**Frase:** \\"},{"label":"Dicendo _bruciare il terreno_ si intende _____ "},{"label":"**Sento usare comunemente l'espressione in corsivo con lo stesso significato**\n"},{"label":"**Il resto della frase è sufficiente per interpretare l'espressione**"}]},"metadata":{},"name":"V_N_tr_VN_2"}],"namedScenes":{},"scenes":[{"key":"2y9x8n","scene":[{"class":"Entity","tag":"Screen","editorLabel":"Screen","components":[{"class":"QuestionnaireScreenManager","editorSettings":{"noDelete":true}}],"editorSettings":{"isSpawnRoot":true,"noDelete":true,"noCopy":true,"noEditName":true},"uid":"object-1","children":[{"class":"Entity","components":[{"class":"QuestionnaireMarkdown","text":"**Frase:** \\\nIl tono del dibattito diventerà più _aspro_.","textSize":16,"align":"left","editorSettings":{"noDelete":true}}],"name":"Text_M6","uid":"object-3"},{"class":"Entity","components":[{"class":"QuestionnaireTextEntry","question_text":"Un tono del dibattito _aspro_ è un tono del dibattito che _____","rows":false,"items":[{"item":"Item 1"},{"item":"Item 2"}],"editorSettings":{"noDelete":true},"conditional":false,"conditions":[{}],"removeSpacing":false,"saveToStore":false,"question_keys":[{"key":"value","label":"Value"}]}],"name":"Text Input_M6","uid":"object-2"},{"class":"Entity","components":[{"class":"QuestionnaireRatingScale","question_text":"**Sento usare comunemente l'espressione in corsivo con lo stesso significato**\n","options":[{"value":"1","label":"1"},{"value":"2","label":"2"},{"value":"3","label":"3"},{"value":"4","label":"label"},{"value":"5","label":"label"}],"useLabels":false,"rows":false,"items":[{"item":"Item 1"}],"textSize":"16","editorSettings":{"noDelete":true},"leftLabel":"Per niente d'accordo","rightLabel":"Pienamente d'accordo","question_keys":[{"key":"value","label":"Response","options":[{"value":"1","label":"1"},{"value":"2","label":"2"},{"value":"3","label":"3"},{"value":"4","label":"4"},{"value":"5","label":"5"}]},{"key":"quantised","label":"Quantised","quantisedRange":5}]}],"name":"Rating Scale_M6","uid":"object-4"},{"class":"Entity","components":[{"class":"QuestionnaireRatingScale","question_text":"**Il resto della frase è sufficiente per interpretare l'espressione**","options":[{"value":"1","label":"1"},{"value":"2","label":"2"},{"value":"3","label":"3"},{"value":"4","label":"label"},{"value":"5","label":"label"}],"useLabels":false,"rows":false,"items":[{"item":"Item 1"}],"textSize":"16","editorSettings":{"noDelete":true},"leftLabel":"Per niente d'accordo","rightLabel":"Pienamente d'accordo","question_keys":[{"key":"value","label":"Response","options":[{"value":"1","label":"1"},{"value":"2","label":"2"},{"value":"3","label":"3"},{"value":"4","label":"4"},{"value":"5","label":"5"}]},{"key":"quantised","label":"Quantised","quantisedRange":5}]}],"name":"Rating Scale_M6","uid":"object-5"}]}]},{"key":"ffik96","scene":[{"class":"Entity","tag":"Screen","editorLabel":"Screen","components":[{"class":"QuestionnaireScreenManager","editorSettings":{"noDelete":true}}],"editorSettings":{"isSpawnRoot":true,"noDelete":true,"noCopy":true,"noEditName":true},"uid":"object-100","children":[{"class":"Entity","components":[{"class":"QuestionnaireMarkdown","text":"**Frase:** \\\nGli artigli degli _avvoltoi_ internazionali si sono avventati sulla Grecia senza pietà.","textSize":16,"align":"left","editorSettings":{"noDelete":true}}],"name":"Text_M13","uid":"object-101"},{"class":"Entity","components":[{"class":"QuestionnaireTextEntry","question_text":"Dicendo _avvoltoi_ internazionali si intende qualcosa che _____ come un avvoltoio.","rows":false,"items":[{"item":"Item 1"},{"item":"Item 2"}],"editorSettings":{"noDelete":true},"conditional":false,"conditions":[{}],"removeSpacing":false,"saveToStore":false,"question_keys":[{"key":"value","label":"Value"}]}],"name":"Text Input_M13","uid":"object-102"},{"class":"Entity","components":[{"class":"QuestionnaireRatingScale","question_text":"**Sento usare comunemente l'espressione in corsivo con lo stesso significato**\n","options":[{"value":"1","label":"1"},{"value":"2","label":"2"},{"value":"3","label":"3"},{"value":"4","label":"label"},{"value":"5","label":"label"}],"useLabels":false,"rows":false,"items":[{"item":"Item 1"}],"textSize":"16","editorSettings":{"noDelete":true},"leftLabel":"Per niente d'accordo","rightLabel":"Pienamente d'accordo","question_keys":[{"key":"value","label":"Response","options":[{"value":"1","label":"1"},{"value":"2","label":"2"},{"value":"3","label":"3"},{"value":"4","label":"4"},{"value":"5","label":"5"}]},{"key":"quantised","label":"Quantised","quantisedRange":5}]}],"name":"Rating Scale_M13","uid":"object-103"},{"class":"Entity","components":[{"class":"QuestionnaireRatingScale","question_text":"**Il resto della frase è sufficiente per interpretare l'espressione**","options":[{"value":"1","label":"1"},{"value":"2","label":"2"},{"value":"3","label":"3"},{"value":"4","label":"label"},{"value":"5","label":"label"}],"useLabels":false,"rows":false,"items":[{"item":"Item 1"}],"textSize":"16","editorSettings":{"noDelete":true},"leftLabel":"Per niente d'accordo","rightLabel":"Pienamente d'accordo","question_keys":[{"key":"value","label":"Response","options":[{"value":"1","label":"1"},{"value":"2","label":"2"},{"value":"3","label":"3"},{"value":"4","label":"4"},{"value":"5","label":"5"}]},{"key":"quantised","label":"Quantised","quantisedRange":5}]}],"name":"Rating Scale_M13","uid":"object-104"}]}]},{"key":"53c8wf","scene":[{"class":"Entity","tag":"Screen","editorLabel":"Screen","components":[{"class":"QuestionnaireScreenManager","editorSettings":{"noDelete":true},"randomiseQuestions":false}],"editorSettings":{"isSpawnRoot":true,"noDelete":true,"noCopy":true,"noEditName":true},"uid":"object-23","children":[{"class":"Entity","components":[{"class":"QuestionnaireMarkdown","text":"**Frase:** \\\nÈ una lotta contro questa _bestia_ schifosa chiamata mafia.","textSize":16,"align":"left","editorSettings":{"noDelete":true}}],"name":"Text_M2","uid":"object-24"},{"class":"Entity","components":[{"class":"QuestionnaireTextEntry","question_text":"Si intende che la mafia _____ come una bestia.","rows":false,"items":[{"item":"Item 1"},{"item":"Item 2"}],"editorSettings":{"noDelete":true},"conditional":false,"conditions":[{}],"removeSpacing":false,"saveToStore":false,"question_keys":[{"key":"value","label":"Value"}]}],"name":"Text Input_M2","uid":"object-25"},{"class":"Entity","components":[{"class":"QuestionnaireRatingScale","question_text":"**Sento usare comunemente l'espressione in corsivo con lo stesso significato**\n","options":[{"value":"1","label":"1"},{"value":"2","label":"2"},{"value":"3","label":"3"},{"value":"4","label":"label"},{"value":"5","label":"label"}],"useLabels":false,"rows":false,"items":[{"item":"Item 1"}],"textSize":"16","editorSettings":{"noDelete":true},"leftLabel":"Per niente d'accordo","rightLabel":"Pienamente d'accordo","question_keys":[{"key":"value","label":"Response","options":[{"value":"1","label":"1"},{"value":"2","label":"2"},{"value":"3","label":"3"},{"value":"4","label":"4"},{"value":"5","label":"5"}]},{"key":"quantised","label":"Quantised","quantisedRange":5}]}],"name":"Rating Scale_M2","uid":"object-26"},{"class":"Entity","components":[{"class":"QuestionnaireRatingScale","question_text":"**Il resto della frase è sufficiente per interpretare l'espressione**","options":[{"value":"1","label":"1"},{"value":"2","label":"2"},{"value":"3","label":"3"},{"value":"4","label":"label"},{"value":"5","label":"label"}],"useLabels":false,"rows":false,"items":[{"item":"Item 1"}],"textSize":"16","editorSettings":{"noDelete":true},"leftLabel":"Per niente d'accordo","rightLabel":"Pienamente d'accordo","question_keys":[{"key":"value","label":"Response","options":[{"value":"1","label":"1"},{"value":"2","label":"2"},{"value":"3","label":"3"},{"value":"4","label":"4"},{"value":"5","label":"5"}]},{"key":"quantised","label":"Quantised","quantisedRange":5}]}],"name":"Rating Scale_M2","uid":"object-27"}]}]},{"key":"hi7rdg","scene":[{"class":"Entity","tag":"Screen","editorLabel":"Screen","components":[{"class":"QuestionnaireScreenManager","editorSettings":{"noDelete":true}}],"editorSettings":{"isSpawnRoot":true,"noDelete":true,"noCopy":true,"noEditName":true},"uid":"object-28","children":[{"class":"Entity","components":[{"class":"QuestionnaireMarkdown","text":"**Frase:** \\\nLa schizofrenica situazione attuale è il risultato del _balbettio_ del Governo.","textSize":16,"align":"left","editorSettings":{"noDelete":true}}],"name":"Text_M3","uid":"object-29"},{"class":"Entity","components":[{"class":"QuestionnaireTextEntry","question_text":"Dicendo _balbettio_ del Governo si intende qualcosa che _____ come un balbettio.","rows":false,"items":[{"item":"Item 1"},{"item":"Item 2"}],"editorSettings":{"noDelete":true},"conditional":false,"conditions":[{}],"removeSpacing":false,"saveToStore":false,"question_keys":[{"key":"value","label":"Value"}]}],"name":"Text Input_M3","uid":"object-30"},{"class":"Entity","components":[{"class":"QuestionnaireRatingScale","question_text":"**Sento usare comunemente l'espressione in corsivo con lo stesso significato**\n","options":[{"value":"1","label":"1"},{"value":"2","label":"2"},{"value":"3","label":"3"},{"value":"4","label":"label"},{"value":"5","label":"label"}],"useLabels":false,"rows":false,"items":[{"item":"Item 1"}],"textSize":"16","editorSettings":{"noDelete":true},"leftLabel":"Per niente d'accordo","rightLabel":"Pienamente d'accordo","question_keys":[{"key":"value","label":"Response","options":[{"value":"1","label":"1"},{"value":"2","label":"2"},{"value":"3","label":"3"},{"value":"4","label":"4"},{"value":"5","label":"5"}]},{"key":"quantised","label":"Quantised","quantisedRange":5}]}],"name":"Rating Scale_M3","uid":"object-31"},{"class":"Entity","components":[{"class":"QuestionnaireRatingScale","question_text":"**Il resto della frase è sufficiente per interpretare l'espressione**","options":[{"value":"1","label":"1"},{"value":"2","label":"2"},{"value":"3","label":"3"},{"value":"4","label":"label"},{"value":"5","label":"label"}],"useLabels":false,"rows":false,"items":[{"item":"Item 1"}],"textSize":"16","editorSettings":{"noDelete":true},"leftLabel":"Per niente d'accordo","rightLabel":"Pienamente d'accordo","question_keys":[{"key":"value","label":"Response","options":[{"value":"1","label":"1"},{"value":"2","label":"2"},{"value":"3","label":"3"},{"value":"4","label":"4"},{"value":"5","label":"5"}]},{"key":"quantised","label":"Quantised","quantisedRange":5}]}],"name":"Rating Scale_M3","uid":"object-32"}]}]},{"key":"1egiqa","scene":[{"class":"Entity","tag":"Screen","editorLabel":"Screen","components":[{"class":"QuestionnaireScreenManager","editorSettings":{"noDelete":true}}],"editorSettings":{"isSpawnRoot":true,"noDelete":true,"noCopy":true,"noEditName":true},"uid":"object-33","children":[{"class":"Entity","components":[{"class":"QuestionnaireMarkdown","text":"**Frase:** \\\nL'esperienza politica del MoVimento 5 Stelle a Roma _affonda_ nella corruzione.","textSize":16,"align":"left","editorSettings":{"noDelete":true}}],"name":"Text_M19","uid":"object-34"},{"class":"Entity","components":[{"class":"QuestionnaireTextEntry","question_text":"Dicendo _affondare_ si intende _____","rows":false,"items":[{"item":"Item 1"},{"item":"Item 2"}],"editorSettings":{"noDelete":true},"conditional":false,"conditions":[{}],"removeSpacing":false,"saveToStore":false,"question_keys":[{"key":"value","label":"Value"}]}],"name":"Text Input_M19","uid":"object-35"},{"class":"Entity","components":[{"class":"QuestionnaireRatingScale","question_text":"**Sento usare comunemente l'espressione in corsivo con lo stesso significato**\n","options":[{"value":"1","label":"1"},{"value":"2","label":"2"},{"value":"3","label":"3"},{"value":"4","label":"label"},{"value":"5","label":"label"}],"useLabels":false,"rows":false,"items":[{"item":"Item 1"}],"textSize":"16","editorSettings":{"noDelete":true},"leftLabel":"Per niente d'accordo","rightLabel":"Pienamente d'accordo","question_keys":[{"key":"value","label":"Response","options":[{"value":"1","label":"1"},{"value":"2","label":"2"},{"value":"3","label":"3"},{"value":"4","label":"4"},{"value":"5","label":"5"}]},{"key":"quantised","label":"Quantised","quantisedRange":5}]}],"name":"Rating Scale_M19","uid":"object-36"},{"class":"Entity","components":[{"class":"QuestionnaireRatingScale","question_text":"**Il resto della frase è sufficiente per interpretare l'espressione**","options":[{"value":"1","label":"1"},{"value":"2","label":"2"},{"value":"3","label":"3"},{"value":"4","label":"label"},{"value":"5","label":"label"}],"useLabels":false,"rows":false,"items":[{"item":"Item 1"}],"textSize":"16","editorSettings":{"noDelete":true},"leftLabel":"Per niente d'accordo","rightLabel":"Pienamente d'accordo","question_keys":[{"key":"value","label":"Response","options":[{"value":"1","label":"1"},{"value":"2","label":"2"},{"value":"3","label":"3"},{"value":"4","label":"4"},{"value":"5","label":"5"}]},{"key":"quantised","label":"Quantised","quantisedRange":5}]}],"name":"Rating Scale_M19","uid":"object-37"}]}]},{"key":"8dsxqa","scene":[{"class":"Entity","tag":"Screen","editorLabel":"Screen","components":[{"class":"QuestionnaireScreenManager","editorSettings":{"noDelete":true}}],"editorSettings":{"isSpawnRoot":true,"noDelete":true,"noCopy":true,"noEditName":true},"uid":"object-38","children":[{"class":"Entity","components":[{"class":"QuestionnaireMarkdown","text":"**Frase:** \\\nMacron in Francia ha abolito il green pass e sta andando ad addolcire le misure restrittive per il contenimento della emergenza pandemica.","textSize":16,"align":"left","editorSettings":{"noDelete":true}}],"name":"Text_M8","uid":"object-39"},{"class":"Entity","components":[{"class":"QuestionnaireTextEntry","question_text":"Dicendo _addolcire_ le misure restrittive si intende _____ le misure restrittive.","rows":false,"items":[{"item":"Item 1"},{"item":"Item 2"}],"editorSettings":{"noDelete":true},"conditional":false,"conditions":[{}],"removeSpacing":false,"saveToStore":false,"question_keys":[{"key":"value","label":"Value"}]}],"name":"Text Input_M8","uid":"object-40"},{"class":"Entity","components":[{"class":"QuestionnaireRatingScale","question_text":"**Sento usare comunemente l'espressione in corsivo con lo stesso significato**\n","options":[{"value":"1","label":"1"},{"value":"2","label":"2"},{"value":"3","label":"3"},{"value":"4","label":"label"},{"value":"5","label":"label"}],"useLabels":false,"rows":false,"items":[{"item":"Item 1"}],"textSize":"16","editorSettings":{"noDelete":true},"leftLabel":"Per niente d'accordo","rightLabel":"Pienamente d'accordo","question_keys":[{"key":"value","label":"Response","options":[{"value":"1","label":"1"},{"value":"2","label":"2"},{"value":"3","label":"3"},{"value":"4","label":"4"},{"value":"5","label":"5"}]},{"key":"quantised","label":"Quantised","quantisedRange":5}]}],"name":"Rating Scale_M8","uid":"object-41"},{"class":"Entity","components":[{"class":"QuestionnaireRatingScale","question_text":"**Il resto della frase è sufficiente per interpretare l'espressione**","options":[{"value":"1","label":"1"},{"value":"2","label":"2"},{"value":"3","label":"3"},{"value":"4","label":"label"},{"value":"5","label":"label"}],"useLabels":false,"rows":false,"items":[{"item":"Item 1"}],"textSize":"16","editorSettings":{"noDelete":true},"leftLabel":"Per niente d'accordo","rightLabel":"Pienamente d'accordo","question_keys":[{"key":"value","label":"Response","options":[{"value":"1","label":"1"},{"value":"2","label":"2"},{"value":"3","label":"3"},{"value":"4","label":"4"},{"value":"5","label":"5"}]},{"key":"quantised","label":"Quantised","quantisedRange":5}]}],"name":"Rating Scale_M8","uid":"object-42"}]}]},{"key":"avga3p","scene":[{"class":"Entity","tag":"Screen","editorLabel":"Screen","components":[{"class":"QuestionnaireScreenManager","editorSettings":{"noDelete":true}}],"editorSettings":{"isSpawnRoot":true,"noDelete":true,"noCopy":true,"noEditName":true},"uid":"object-44","children":[{"class":"Entity","components":[{"class":"QuestionnaireMarkdown","text":"**Frase:** \\\nCon l'azione ispettiva, abbiamo voluto _accendere un faro_ sui problemi e informare i cittadini.","textSize":16,"align":"left","editorSettings":{"noDelete":true}}],"name":"Text_M1","uid":"object-45"},{"class":"Entity","components":[{"class":"QuestionnaireTextEntry","question_text":"Dicendo _accendere un faro_ si intende _____ ","rows":false,"items":[{"item":"Item 1"},{"item":"Item 2"}],"editorSettings":{"noDelete":true},"conditional":false,"conditions":[{}],"removeSpacing":false,"saveToStore":false,"question_keys":[{"key":"value","label":"Value"}]}],"name":"Text Input_M1","uid":"object-46"},{"class":"Entity","components":[{"class":"QuestionnaireRatingScale","question_text":"**Sento usare comunemente l'espressione in corsivo con lo stesso significato**\n","options":[{"value":"1","label":"1"},{"value":"2","label":"2"},{"value":"3","label":"3"},{"value":"4","label":"label"},{"value":"5","label":"label"}],"useLabels":false,"rows":false,"items":[{"item":"Item 1"}],"textSize":"16","editorSettings":{"noDelete":true},"leftLabel":"Per niente d'accordo","rightLabel":"Pienamente d'accordo","question_keys":[{"key":"value","label":"Response","options":[{"value":"1","label":"1"},{"value":"2","label":"2"},{"value":"3","label":"3"},{"value":"4","label":"4"},{"value":"5","label":"5"}]},{"key":"quantised","label":"Quantised","quantisedRange":5}]}],"name":"Rating Scale_M1","uid":"object-47"},{"class":"Entity","components":[{"class":"QuestionnaireRatingScale","question_text":"**Il resto della frase è sufficiente per interpretare l'espressione**","options":[{"value":"1","label":"1"},{"value":"2","label":"2"},{"value":"3","label":"3"},{"value":"4","label":"label"},{"value":"5","label":"label"}],"useLabels":false,"rows":false,"items":[{"item":"Item 1"}],"textSize":"16","editorSettings":{"noDelete":true},"leftLabel":"Per niente d'accordo","rightLabel":"Pienamente d'accordo","question_keys":[{"key":"value","label":"Response","options":[{"value":"1","label":"1"},{"value":"2","label":"2"},{"value":"3","label":"3"},{"value":"4","label":"4"},{"value":"5","label":"5"}]},{"key":"quantised","label":"Quantised","quantisedRange":5}]}],"name":"Rating Scale_M1","uid":"object-48"}]}]},{"key":"t7lh17","scene":[{"class":"Entity","tag":"Screen","editorLabel":"Screen","components":[{"class":"QuestionnaireScreenManager","editorSettings":{"noDelete":true}}],"editorSettings":{"isSpawnRoot":true,"noDelete":true,"noCopy":true,"noEditName":true},"uid":"object-63","children":[{"class":"Entity","components":[{"class":"QuestionnaireMarkdown","text":"**Frase:** \\\nQuello che poteva essere il tassello di un disegno in grado di chiudere la transizione è diventato un _anemico_ provvedimento che non risolverà strutturalmente nessuno dei problemi richiamati.","textSize":16,"align":"left","editorSettings":{"noDelete":true}}],"name":"Text_M10","uid":"object-64"},{"class":"Entity","components":[{"class":"QuestionnaireTextEntry","question_text":"Un provvedimento _anemico_ è un provvedimento che _____","rows":false,"items":[{"item":"Item 1"},{"item":"Item 2"}],"editorSettings":{"noDelete":true},"conditional":false,"conditions":[{}],"removeSpacing":false,"saveToStore":false,"question_keys":[{"key":"value","label":"Value"}]}],"name":"Text Input_M10","uid":"object-65"},{"class":"Entity","components":[{"class":"QuestionnaireRatingScale","question_text":"**Sento usare comunemente l'espressione in corsivo con lo stesso significato**\n","options":[{"value":"1","label":"1"},{"value":"2","label":"2"},{"value":"3","label":"3"},{"value":"4","label":"label"},{"value":"5","label":"label"}],"useLabels":false,"rows":false,"items":[{"item":"Item 1"}],"textSize":"16","editorSettings":{"noDelete":true},"leftLabel":"Per niente d'accordo","rightLabel":"Pienamente d'accordo","question_keys":[{"key":"value","label":"Response","options":[{"value":"1","label":"1"},{"value":"2","label":"2"},{"value":"3","label":"3"},{"value":"4","label":"4"},{"value":"5","label":"5"}]},{"key":"quantised","label":"Quantised","quantisedRange":5}]}],"name":"Rating Scale_M10","uid":"object-66"},{"class":"Entity","components":[{"class":"QuestionnaireRatingScale","question_text":"**Il resto della frase è sufficiente per interpretare l'espressione**","options":[{"value":"1","label":"1"},{"value":"2","label":"2"},{"value":"3","label":"3"},{"value":"4","label":"label"},{"value":"5","label":"label"}],"useLabels":false,"rows":false,"items":[{"item":"Item 1"}],"textSize":"16","editorSettings":{"noDelete":true},"leftLabel":"Per niente d'accordo","rightLabel":"Pienamente d'accordo","question_keys":[{"key":"value","label":"Response","options":[{"value":"1","label":"1"},{"value":"2","label":"2"},{"value":"3","label":"3"},{"value":"4","label":"4"},{"value":"5","label":"5"}]},{"key":"quantised","label":"Quantised","quantisedRange":5}]}],"name":"Rating Scale_M10","uid":"object-67"}]}]},{"key":"vxh4mh","scene":[{"class":"Entity","tag":"Screen","editorLabel":"Screen","components":[{"class":"QuestionnaireScreenManager","editorSettings":{"noDelete":true}}],"editorSettings":{"isSpawnRoot":true,"noDelete":true,"noCopy":true,"noEditName":true},"uid":"object-69","children":[{"class":"Entity","components":[{"class":"QuestionnaireMarkdown","text":"**Frase:** \\\nL'assegno unico universale è stato approvato all'unanimità da questo Parlamento grazie anche al prezioso lavoro di _cucitura_ politica fatta dalla nostra Ministra Elena Bonetti.","textSize":16,"align":"left","editorSettings":{"noDelete":true}}],"name":"Text_M17","uid":"object-70"},{"class":"Entity","components":[{"class":"QuestionnaireTextEntry","question_text":"Dicendo _cucitura_ politica si intende qualcosa che _____ come una cucitura.","rows":false,"items":[{"item":"Item 1"},{"item":"Item 2"}],"editorSettings":{"noDelete":true},"conditional":false,"conditions":[{}],"removeSpacing":false,"saveToStore":false,"question_keys":[{"key":"value","label":"Value"}]}],"name":"Text Input_M17","uid":"object-71"},{"class":"Entity","components":[{"class":"QuestionnaireRatingScale","question_text":"**Sento usare comunemente l'espressione in corsivo con lo stesso significato**\n","options":[{"value":"1","label":"1"},{"value":"2","label":"2"},{"value":"3","label":"3"},{"value":"4","label":"label"},{"value":"5","label":"label"}],"useLabels":false,"rows":false,"items":[{"item":"Item 1"}],"textSize":"16","editorSettings":{"noDelete":true},"leftLabel":"Per niente d'accordo","rightLabel":"Pienamente d'accordo","question_keys":[{"key":"value","label":"Response","options":[{"value":"1","label":"1"},{"value":"2","label":"2"},{"value":"3","label":"3"},{"value":"4","label":"4"},{"value":"5","label":"5"}]},{"key":"quantised","label":"Quantised","quantisedRange":5}]}],"name":"Rating Scale_M17","uid":"object-72"},{"class":"Entity","components":[{"class":"QuestionnaireRatingScale","question_text":"**Il resto della frase è sufficiente per interpretare l'espressione**","options":[{"value":"1","label":"1"},{"value":"2","label":"2"},{"value":"3","label":"3"},{"value":"4","label":"label"},{"value":"5","label":"label"}],"useLabels":false,"rows":false,"items":[{"item":"Item 1"}],"textSize":"16","editorSettings":{"noDelete":true},"leftLabel":"Per niente d'accordo","rightLabel":"Pienamente d'accordo","question_keys":[{"key":"value","label":"Response","options":[{"value":"1","label":"1"},{"value":"2","label":"2"},{"value":"3","label":"3"},{"value":"4","label":"4"},{"value":"5","label":"5"}]},{"key":"quantised","label":"Quantised","quantisedRange":5}]}],"name":"Rating Scale_M17","uid":"object-73"}]}]},{"key":"ve1vf6","scene":[{"class":"Entity","tag":"Screen","editorLabel":"Screen","components":[{"class":"QuestionnaireScreenManager","editorSettings":{"noDelete":true}}],"editorSettings":{"isSpawnRoot":true,"noDelete":true,"noCopy":true,"noEditName":true},"uid":"object-74","children":[{"class":"Entity","components":[{"class":"QuestionnaireMarkdown","text":"**Frase:** \\\nAvete detto aggiungiamo lo 0,1 per una persona disabile nella scala di equivalenza, ma il risultato naturalmente è una _briciola_.","textSize":16,"align":"left","editorSettings":{"noDelete":true}}],"name":"Text_M4","uid":"object-75"},{"class":"Entity","components":[{"class":"QuestionnaireTextEntry","question_text":"Si intende che il risultato _____ come una briciola.","rows":false,"items":[{"item":"Item 1"},{"item":"Item 2"}],"editorSettings":{"noDelete":true},"conditional":false,"conditions":[{}],"removeSpacing":false,"saveToStore":false,"question_keys":[{"key":"value","label":"Value"}]}],"name":"Text Input_M4","uid":"object-76"},{"class":"Entity","components":[{"class":"QuestionnaireRatingScale","question_text":"**Sento usare comunemente l'espressione in corsivo con lo stesso significato**\n","options":[{"value":"1","label":"1"},{"value":"2","label":"2"},{"value":"3","label":"3"},{"value":"4","label":"label"},{"value":"5","label":"label"}],"useLabels":false,"rows":false,"items":[{"item":"Item 1"}],"textSize":"16","editorSettings":{"noDelete":true},"leftLabel":"Per niente d'accordo","rightLabel":"Pienamente d'accordo","question_keys":[{"key":"value","label":"Response","options":[{"value":"1","label":"1"},{"value":"2","label":"2"},{"value":"3","label":"3"},{"value":"4","label":"4"},{"value":"5","label":"5"}]},{"key":"quantised","label":"Quantised","quantisedRange":5}]}],"name":"Rating Scale_M4","uid":"object-77"},{"class":"Entity","components":[{"class":"QuestionnaireRatingScale","question_text":"**Il resto della frase è sufficiente per interpretare l'espressione**","options":[{"value":"1","label":"1"},{"value":"2","label":"2"},{"value":"3","label":"3"},{"value":"4","label":"label"},{"value":"5","label":"label"}],"useLabels":false,"rows":false,"items":[{"item":"Item 1"}],"textSize":"16","editorSettings":{"noDelete":true},"leftLabel":"Per niente d'accordo","rightLabel":"Pienamente d'accordo","question_keys":[{"key":"value","label":"Response","options":[{"value":"1","label":"1"},{"value":"2","label":"2"},{"value":"3","label":"3"},{"value":"4","label":"4"},{"value":"5","label":"5"}]},{"key":"quantised","label":"Quantised","quantisedRange":5}]}],"name":"Rating Scale_M4","uid":"object-78"}]}]},{"key":"aouc44","scene":[{"class":"Entity","tag":"Screen","editorLabel":"Screen","components":[{"class":"QuestionnaireScreenManager","editorSettings":{"noDelete":true}}],"editorSettings":{"isSpawnRoot":true,"noDelete":true,"noCopy":true,"noEditName":true},"uid":"object-79","children":[{"class":"Entity","components":[{"class":"QuestionnaireMarkdown","text":"**Frase:** \\\nIl nostro Paese è, infatti, una vera e propria _cassaforte_ di eccellenze.","textSize":16,"align":"left","editorSettings":{"noDelete":true}}],"name":"Text_M18","uid":"object-80"},{"class":"Entity","components":[{"class":"QuestionnaireTextEntry","question_text":"Dicendo _cassaforte_ di eccellenze si intende qualcosa che _____ come una cassaforte.","rows":false,"items":[{"item":"Item 1"},{"item":"Item 2"}],"editorSettings":{"noDelete":true},"conditional":false,"conditions":[{}],"removeSpacing":false,"saveToStore":false,"question_keys":[{"key":"value","label":"Value"}]}],"name":"Text Input_M18","uid":"object-81"},{"class":"Entity","components":[{"class":"QuestionnaireRatingScale","question_text":"**Sento usare comunemente l'espressione in corsivo con lo stesso significato**\n","options":[{"value":"1","label":"1"},{"value":"2","label":"2"},{"value":"3","label":"3"},{"value":"4","label":"label"},{"value":"5","label":"label"}],"useLabels":false,"rows":false,"items":[{"item":"Item 1"}],"textSize":"16","editorSettings":{"noDelete":true},"leftLabel":"Per niente d'accordo","rightLabel":"Pienamente d'accordo","question_keys":[{"key":"value","label":"Response","options":[{"value":"1","label":"1"},{"value":"2","label":"2"},{"value":"3","label":"3"},{"value":"4","label":"4"},{"value":"5","label":"5"}]},{"key":"quantised","label":"Quantised","quantisedRange":5}]}],"name":"Rating Scale_M18","uid":"object-82"},{"class":"Entity","components":[{"class":"QuestionnaireRatingScale","question_text":"**Il resto della frase è sufficiente per interpretare l'espressione**","options":[{"value":"1","label":"1"},{"value":"2","label":"2"},{"value":"3","label":"3"},{"value":"4","label":"label"},{"value":"5","label":"label"}],"useLabels":false,"rows":false,"items":[{"item":"Item 1"}],"textSize":"16","editorSettings":{"noDelete":true},"leftLabel":"Per niente d'accordo","rightLabel":"Pienamente d'accordo","question_keys":[{"key":"value","label":"Response","options":[{"value":"1","label":"1"},{"value":"2","label":"2"},{"value":"3","label":"3"},{"value":"4","label":"4"},{"value":"5","label":"5"}]},{"key":"quantised","label":"Quantised","quantisedRange":5}]}],"name":"Rating Scale_M18","uid":"object-83"}]}]},{"key":"52kqsr","scene":[{"class":"Entity","tag":"Screen","editorLabel":"Screen","components":[{"class":"QuestionnaireScreenManager","editorSettings":{"noDelete":true}}],"editorSettings":{"isSpawnRoot":true,"noDelete":true,"noCopy":true,"noEditName":true},"uid":"object-84","children":[{"class":"Entity","components":[{"class":"QuestionnaireMarkdown","text":"**Frase:** \\\nIl conflitto di interessi _si annida_ anche a livello di un'amministrazione di condominio!","textSize":16,"align":"left","editorSettings":{"noDelete":true}}],"name":"Text_M20","uid":"object-85"},{"class":"Entity","components":[{"class":"QuestionnaireTextEntry","question_text":"Dicendo _annidarsi_ si intende _____","rows":false,"items":[{"item":"Item 1"},{"item":"Item 2"}],"editorSettings":{"noDelete":true},"conditional":false,"conditions":[{}],"removeSpacing":false,"saveToStore":false,"question_keys":[{"key":"value","label":"Value"}]}],"name":"Text Input_M20","uid":"object-86"},{"class":"Entity","components":[{"class":"QuestionnaireRatingScale","question_text":"**Sento usare comunemente l'espressione in corsivo con lo stesso significato**\n","options":[{"value":"1","label":"1"},{"value":"2","label":"2"},{"value":"3","label":"3"},{"value":"4","label":"label"},{"value":"5","label":"label"}],"useLabels":false,"rows":false,"items":[{"item":"Item 1"}],"textSize":"16","editorSettings":{"noDelete":true},"leftLabel":"Per niente d'accordo","rightLabel":"Pienamente d'accordo","question_keys":[{"key":"value","label":"Response","options":[{"value":"1","label":"1"},{"value":"2","label":"2"},{"value":"3","label":"3"},{"value":"4","label":"4"},{"value":"5","label":"5"}]},{"key":"quantised","label":"Quantised","quantisedRange":5}]}],"name":"Rating Scale_M20","uid":"object-87"},{"class":"Entity","components":[{"class":"QuestionnaireRatingScale","question_text":"**Il resto della frase è sufficiente per interpretare l'espressione**","options":[{"value":"1","label":"1"},{"value":"2","label":"2"},{"value":"3","label":"3"},{"value":"4","label":"label"},{"value":"5","label":"label"}],"useLabels":false,"rows":false,"items":[{"item":"Item 1"}],"textSize":"16","editorSettings":{"noDelete":true},"leftLabel":"Per niente d'accordo","rightLabel":"Pienamente d'accordo","question_keys":[{"key":"value","label":"Response","options":[{"value":"1","label":"1"},{"value":"2","label":"2"},{"value":"3","label":"3"},{"value":"4","label":"4"},{"value":"5","label":"5"}]},{"key":"quantised","label":"Quantised","quantisedRange":5}]}],"name":"Rating Scale_20","uid":"object-88"}]}]},{"key":"eg9a1t","scene":[{"class":"Entity","tag":"Screen","editorLabel":"Screen","components":[{"class":"QuestionnaireScreenManager","editorSettings":{"noDelete":true}}],"editorSettings":{"isSpawnRoot":true,"noDelete":true,"noCopy":true,"noEditName":true},"uid":"object-89","children":[{"class":"Entity","components":[{"class":"QuestionnaireMarkdown","text":"**Frase:** \\\nL'Italia ha fondato l'Unione europea. I vostri amici la vogliono _affondare_.","textSize":16,"align":"left","editorSettings":{"noDelete":true}}],"name":"Text_M12","uid":"object-90"},{"class":"Entity","components":[{"class":"QuestionnaireTextEntry","question_text":"Dicendo _affondare_ l'Unione europea si intende _____ l'Unione europea.","rows":false,"items":[{"item":"Item 1"},{"item":"Item 2"}],"editorSettings":{"noDelete":true},"conditional":false,"conditions":[{}],"removeSpacing":false,"saveToStore":false,"question_keys":[{"key":"value","label":"Value"}]}],"name":"Text Input_M12","uid":"object-91"},{"class":"Entity","components":[{"class":"QuestionnaireRatingScale","question_text":"**Sento usare comunemente l'espressione in corsivo con lo stesso significato**\n","options":[{"value":"1","label":"1"},{"value":"2","label":"2"},{"value":"3","label":"3"},{"value":"4","label":"label"},{"value":"5","label":"label"}],"useLabels":false,"rows":false,"items":[{"item":"Item 1"}],"textSize":"16","editorSettings":{"noDelete":true},"leftLabel":"Per niente d'accordo","rightLabel":"Pienamente d'accordo","question_keys":[{"key":"value","label":"Response","options":[{"value":"1","label":"1"},{"value":"2","label":"2"},{"value":"3","label":"3"},{"value":"4","label":"4"},{"value":"5","label":"5"}]},{"key":"quantised","label":"Quantised","quantisedRange":5}]}],"name":"Rating Scale_M12","uid":"object-92"},{"class":"Entity","components":[{"class":"QuestionnaireRatingScale","question_text":"**Il resto della frase è sufficiente per interpretare l'espressione**","options":[{"value":"1","label":"1"},{"value":"2","label":"2"},{"value":"3","label":"3"},{"value":"4","label":"label"},{"value":"5","label":"label"}],"useLabels":false,"rows":false,"items":[{"item":"Item 1"}],"textSize":"16","editorSettings":{"noDelete":true},"leftLabel":"Per niente d'accordo","rightLabel":"Pienamente d'accordo","question_keys":[{"key":"value","label":"Response","options":[{"value":"1","label":"1"},{"value":"2","label":"2"},{"value":"3","label":"3"},{"value":"4","label":"4"},{"value":"5","label":"5"}]},{"key":"quantised","label":"Quantised","quantisedRange":5}]}],"name":"Rating Scale_M12","uid":"object-93"}]}]},{"key":"ek7icn","scene":[{"class":"Entity","tag":"Screen","editorLabel":"Screen","components":[{"class":"QuestionnaireScreenManager","editorSettings":{"noDelete":true}}],"editorSettings":{"isSpawnRoot":true,"noDelete":true,"noCopy":true,"noEditName":true},"uid":"object-94","children":[{"class":"Entity","components":[{"class":"QuestionnaireMarkdown","text":"**Frase:** \\\nSchemi binari _bruciano il terreno_ della mediazione.","textSize":16,"align":"left","editorSettings":{"noDelete":true}}],"name":"Text_M43","uid":"object-95"},{"class":"Entity","components":[{"class":"QuestionnaireTextEntry","question_text":"Dicendo _bruciare il terreno_ si intende _____ ","rows":false,"items":[{"item":"Item 1"},{"item":"Item 2"}],"editorSettings":{"noDelete":true},"conditional":false,"conditions":[{}],"removeSpacing":false,"saveToStore":false,"question_keys":[{"key":"value","label":"Value"}]}],"name":"Text Input_M43","uid":"object-96"},{"class":"Entity","components":[{"class":"QuestionnaireRatingScale","question_text":"**Sento usare comunemente l'espressione in corsivo con lo stesso significato**\n","options":[{"value":"1","label":"1"},{"value":"2","label":"2"},{"value":"3","label":"3"},{"value":"4","label":"label"},{"value":"5","label":"label"}],"useLabels":false,"rows":false,"items":[{"item":"Item 1"}],"textSize":"16","editorSettings":{"noDelete":true},"leftLabel":"Per niente d'accordo","rightLabel":"Pienamente d'accordo","question_keys":[{"key":"value","label":"Response","options":[{"value":"1","label":"1"},{"value":"2","label":"2"},{"value":"3","label":"3"},{"value":"4","label":"4"},{"value":"5","label":"5"}]},{"key":"quantised","label":"Quantised","quantisedRange":5}]}],"name":"Rating Scale_M43","uid":"object-97"},{"class":"Entity","components":[{"class":"QuestionnaireRatingScale","question_text":"**Il resto della frase è sufficiente per interpretare l'espressione**","options":[{"value":"1","label":"1"},{"value":"2","label":"2"},{"value":"3","label":"3"},{"value":"4","label":"label"},{"value":"5","label":"label"}],"useLabels":false,"rows":false,"items":[{"item":"Item 1"}],"textSize":"16","editorSettings":{"noDelete":true},"leftLabel":"Per niente d'accordo","rightLabel":"Pienamente d'accordo","question_keys":[{"key":"value","label":"Response","options":[{"value":"1","label":"1"},{"value":"2","label":"2"},{"value":"3","label":"3"},{"value":"4","label":"4"},{"value":"5","label":"5"}]},{"key":"quantised","label":"Quantised","quantisedRange":5}]}],"name":"Rating Scale_M43","uid":"object-98"}]}]}],"spreadsheets":[],"scoring":{"scores":[]},"entityCounter":99,"pageRandomisation":{"enabled":true}}